Method,Job,AnalyzeLaunchVariance,EvaluateOverhead,MaxAbsoluteError,MaxRelativeError,MinInvokeCount,MinIterationTime,OutlierMode,Affinity,EnvironmentVariables,Jit,LargeAddressAware,Platform,PowerPlanMode,Runtime,AllowVeryLargeObjects,Concurrent,CpuGroups,Force,HeapAffinitizeMask,HeapCount,NoAffinitize,RetainVm,Server,Arguments,BuildConfiguration,Clock,EngineFactory,NuGetReferences,Toolchain,IsMutator,InvocationCount,IterationCount,IterationTime,LaunchCount,MaxIterationCount,MaxWarmupIterationCount,MemoryRandomization,MinIterationCount,MinWarmupIterationCount,RunStrategy,UnrollFactor,WarmupCount,Mean,Error,StdDev,Ratio,RatioSD,Gen0,Gen1,Allocated,Alloc Ratio
'Literal Integer',.NET 8.0,False,Default,Default,Default,Default,Default,Default,11111111111111,Empty,RyuJit,Default,X64,8c5e7fda-e8bf-4a96-9a85-a6e23a8c635c,.NET 8.0,False,True,False,True,Default,Default,False,False,False,Default,Default,Default,Default,Default,Default,Default,Default,Default,Default,Default,Default,Default,Default,Default,Default,Default,16,Default,32.47 ns,0.692 ns,1.283 ns,1.00,0.00,0.0216,0.0000,136 B,1.00
Percentage,.NET 8.0,False,Default,Default,Default,Default,Default,Default,11111111111111,Empty,RyuJit,Default,X64,8c5e7fda-e8bf-4a96-9a85-a6e23a8c635c,.NET 8.0,False,True,False,True,Default,Default,False,False,False,Default,Default,Default,Default,Default,Default,Default,Default,Default,Default,Default,Default,Default,Default,Default,Default,Default,16,Default,215.70 ns,4.253 ns,6.366 ns,6.65,0.36,0.1938,0.0002,1216 B,8.94
'Named Method - Center',.NET 8.0,False,Default,Default,Default,Default,Default,Default,11111111111111,Empty,RyuJit,Default,X64,8c5e7fda-e8bf-4a96-9a85-a6e23a8c635c,.NET 8.0,False,True,False,True,Default,Default,False,False,False,Default,Default,Default,Default,Default,Default,Default,Default,Default,Default,Default,Default,Default,Default,Default,Default,Default,16,Default,504.89 ns,10.008 ns,20.216 ns,15.59,0.79,0.2308,0.0000,1448 B,10.65
'Named Method - AnchorEnd',.NET 8.0,False,Default,Default,Default,Default,Default,Default,11111111111111,Empty,RyuJit,Default,X64,8c5e7fda-e8bf-4a96-9a85-a6e23a8c635c,.NET 8.0,False,True,False,True,Default,Default,False,False,False,Default,Default,Default,Default,Default,Default,Default,Default,Default,Default,Default,Default,Default,Default,Default,Default,Default,16,Default,515.17 ns,10.249 ns,16.255 ns,15.91,0.84,0.2308,0.0000,1448 B,10.65
'Method with Argument',.NET 8.0,False,Default,Default,Default,Default,Default,Default,11111111111111,Empty,RyuJit,Default,X64,8c5e7fda-e8bf-4a96-9a85-a6e23a8c635c,.NET 8.0,False,True,False,True,Default,Default,False,False,False,Default,Default,Default,Default,Default,Default,Default,Default,Default,Default,Default,Default,Default,Default,Default,Default,Default,16,Default,649.70 ns,12.593 ns,27.642 ns,20.22,1.18,0.2785,0.0000,1752 B,12.88
'Operator Expression - Addition',.NET 8.0,False,Default,Default,Default,Default,Default,Default,11111111111111,Empty,RyuJit,Default,X64,8c5e7fda-e8bf-4a96-9a85-a6e23a8c635c,.NET 8.0,False,True,False,True,Default,Default,False,False,False,Default,Default,Default,Default,Default,Default,Default,Default,Default,Default,Default,Default,Default,Default,Default,Default,Default,16,Default,462.55 ns,9.300 ns,20.020 ns,14.21,0.83,0.3014,0.0000,1896 B,13.94
'Operator Expression - Subtraction',.NET 8.0,False,Default,Default,Default,Default,Default,Default,11111111111111,Empty,RyuJit,Default,X64,8c5e7fda-e8bf-4a96-9a85-a6e23a8c635c,.NET 8.0,False,True,False,True,Default,Default,False,False,False,Default,Default,Default,Default,Default,Default,Default,Default,Default,Default,Default,Default,Default,Default,Default,Default,Default,16,Default,450.67 ns,9.012 ns,17.578 ns,13.90,0.90,0.3014,0.0000,1896 B,13.94
'Dim Fill',.NET 8.0,False,Default,Default,Default,Default,Default,Default,11111111111111,Empty,RyuJit,Default,X64,8c5e7fda-e8bf-4a96-9a85-a6e23a8c635c,.NET 8.0,False,True,False,True,Default,Default,False,False,False,Default,Default,Default,Default,Default,Default,Default,Default,Default,Default,Default,Default,Default,Default,Default,Default,Default,16,Default,508.35 ns,10.186 ns,17.840 ns,15.70,0.66,0.2289,0.0000,1440 B,10.59
'Dim Auto',.NET 8.0,False,Default,Default,Default,Default,Default,Default,11111111111111,Empty,RyuJit,Default,X64,8c5e7fda-e8bf-4a96-9a85-a6e23a8c635c,.NET 8.0,False,True,False,True,Default,Default,False,False,False,Default,Default,Default,Default,Default,Default,Default,Default,Default,Default,Default,Default,Default,Default,Default,Default,Default,16,Default,509.80 ns,10.143 ns,22.050 ns,15.63,0.93,0.2289,0.0000,1440 B,10.59
'Dim Fill with Operator',.NET 8.0,False,Default,Default,Default,Default,Default,Default,11111111111111,Empty,RyuJit,Default,X64,8c5e7fda-e8bf-4a96-9a85-a6e23a8c635c,.NET 8.0,False,True,False,True,Default,Default,False,False,False,Default,Default,Default,Default,Default,Default,Default,Default,Default,Default,Default,Default,Default,Default,Default,Default,Default,16,Default,449.22 ns,8.922 ns,20.500 ns,13.83,0.87,0.2995,0.0000,1880 B,13.82
'String Literal',.NET 8.0,False,Default,Default,Default,Default,Default,Default,11111111111111,Empty,RyuJit,Default,X64,8c5e7fda-e8bf-4a96-9a85-a6e23a8c635c,.NET 8.0,False,True,False,True,Default,Default,False,False,False,Default,Default,Default,Default,Default,Default,Default,Default,Default,Default,Default,Default,Default,Default,Default,Default,Default,16,Default,73.12 ns,1.508 ns,3.046 ns,2.26,0.13,0.0293,0.0000,184 B,1.35
'Boolean True',.NET 8.0,False,Default,Default,Default,Default,Default,Default,11111111111111,Empty,RyuJit,Default,X64,8c5e7fda-e8bf-4a96-9a85-a6e23a8c635c,.NET 8.0,False,True,False,True,Default,Default,False,False,False,Default,Default,Default,Default,Default,Default,Default,Default,Default,Default,Default,Default,Default,Default,Default,Default,Default,16,Default,22.54 ns,0.493 ns,0.825 ns,0.70,0.04,0.0127,0.0000,80 B,0.59
'Boolean False',.NET 8.0,False,Default,Default,Default,Default,Default,Default,11111111111111,Empty,RyuJit,Default,X64,8c5e7fda-e8bf-4a96-9a85-a6e23a8c635c,.NET 8.0,False,True,False,True,Default,Default,False,False,False,Default,Default,Default,Default,Default,Default,Default,Default,Default,Default,Default,Default,Default,Default,Default,Default,Default,16,Default,22.21 ns,0.481 ns,0.854 ns,0.69,0.03,0.0127,0.0000,80 B,0.59
